name,x_kpc,y_kpc,z_kpc,parallax_mas,parallax_error_mas,arm,source_record
G305.20+00.01,-3.26858,5.99427,0.00133,0.250,0.050,CtN,table1.dat:1
G339.88-01.25,-0.71633,6.34423,-0.04577,0.480,0.080,CtN,table1.dat:2
G348.70-01.04,-0.66166,4.98762,-0.06153,0.296,0.026,CtN,table1.dat:3
G351.44+00.65,-0.19781,6.98510,0.01531,0.752,0.069,CrN,table1.dat:4
G359.13+00.03,-0.09125,2.24008,0.00335,0.165,0.031,GC,table1.dat:5
G359.61-00.24,-0.01793,5.63342,-0.01132,0.375,0.021,CtN,table1.dat:6
G359.93-00.14,-0.00619,2.77516,-0.01395,0.181,0.029,GC,table1.dat:7
G000.31-00.20,0.01609,5.37609,-0.01025,0.342,0.042,ScN,table1.dat:8
G000.37+00.03,0.05248,0.30017,0.00558,0.125,0.047,3kF,table1.dat:9
G000.67-00.03,0.09097,0.54860,-0.00421,0.129,0.012,GC,table1.dat:10
G001.00-00.23,0.19547,-2.80930,-0.04594,0.090,0.057,???,table1.dat:11
G001.14-00.12,0.10317,3.14641,-0.01120,0.194,0.161,Nor,table1.dat:12
G002.70+00.04,0.46698,-1.58997,0.00693,0.101,0.105,???,table1.dat:13
G005.88-00.39,0.30693,5.32183,-0.02050,0.334,0.020,ScN,table1.dat:14
G006.79-00.25,0.41084,4.85220,-0.01559,0.288,0.021,Nor,table1.dat:15
G007.47+00.05,2.65345,-11.93492,0.02079,0.049,0.006,OSC,table1.dat:16
G008.34-01.00,0.22671,6.75428,-0.02732,0.640,0.040,SgN,table1.dat:17
G009.21-00.20,0.52848,5.04228,-0.01162,0.303,0.096,ScN,table1.dat:18
G009.62+00.19,0.86151,3.21789,0.01761,0.194,0.023,3kN,table1.dat:19
G010.32-00.15,0.52242,5.43175,-0.00813,0.343,0.035,ScN,table1.dat:20
G010.47+00.02,1.55350,-0.10464,0.00406,0.117,0.008,Con,table1.dat:21
G010.62-00.33,0.50951,5.58501,-0.01605,0.362,0.076,3kN,table1.dat:22
G010.62-00.38,0.91262,3.43447,-0.03311,0.202,0.019,3kN,table1.dat:23
G011.10-00.11,0.78324,4.31114,-0.00810,0.246,0.014,ScN,table1.dat:24
G011.49-01.48,0.24907,7.07549,-0.03240,0.800,0.033,SgN,table1.dat:25
G011.91-00.61,0.69527,5.00576,-0.03603,0.297,0.050,ScN,table1.dat:26
G012.02-00.03,1.96552,-0.92694,-0.00516,0.106,0.008,3kN,table1.dat:27
G012.68-00.18,0.52768,5.95480,-0.00765,0.416,0.028,ScN,table1.dat:28
G012.81-00.19,0.64659,5.45717,-0.01002,0.343,0.037,ScN,table1.dat:29
G012.88+00.48,0.55211,5.88720,0.02113,0.404,0.044,ScN,table1.dat:30
G012.90-00.24,0.54722,5.91091,-0.01033,0.408,0.025,ScN,table1.dat:31
G012.90-00.26,0.56413,5.83859,-0.01148,0.396,0.032,ScN,table1.dat:32
G013.71-00.08,0.89793,4.62009,-0.00553,0.264,0.014,Nor,table1.dat:33
G013.87+00.28,0.94402,4.47790,0.01932,0.254,0.024,ScN,table1.dat:34
G014.33-00.64,0.27718,7.21510,-0.01261,0.893,0.101,SgN,table1.dat:35
G014.63-00.57,0.46278,6.52802,-0.01841,0.546,0.022,SgN,table1.dat:36
G015.03-00.67,0.51980,6.36472,-0.02368,0.499,0.026,SgN,table1.dat:37
G015.66-00.49,1.22731,3.92355,-0.03958,0.220,0.029,3kN,table1.dat:38
G016.58-00.05,1.02308,4.86489,-0.00316,0.279,0.023,ScN,table1.dat:39
G016.86-02.15,0.68050,6.05512,-0.08842,0.426,0.092,SgN,table1.dat:40
G017.02-02.40,0.55078,6.50084,-0.07895,0.531,0.108,SgN,table1.dat:41
G017.55-00.12,0.60675,6.38160,-0.00443,0.497,0.038,SgN,table1.dat:42
G017.63+00.15,0.45292,6.87551,0.00408,0.669,0.019,SgN,table1.dat:43
G018.34+01.76,0.62906,6.40251,0.06171,0.500,0.019,SgN,table1.dat:44
G018.87+00.05,1.08917,5.11403,0.00313,0.297,0.049,ScN,table1.dat:45
G019.00-00.02,1.31867,4.47219,-0.00207,0.247,0.063,Nor,table1.dat:46
G019.36-00.03,0.94199,5.61981,-0.00150,0.352,0.069,ScN,table1.dat:47
G019.49+00.11,1.02374,5.40839,0.00618,0.326,0.100,???,table1.dat:48
G022.35+00.06,1.64662,4.29639,0.00501,0.231,0.108,Nor,table1.dat:49
G023.00-00.41,1.90672,3.81017,-0.03496,0.205,0.015,Nor,table1.dat:50
G023.20-00.37,1.64869,4.45451,-0.02758,0.239,0.034,Nor,table1.dat:51
G023.25-00.24,2.33637,2.86369,-0.02484,0.169,0.051,ScN,table1.dat:52
G023.38+00.18,1.90851,3.88738,0.01556,0.208,0.025,Nor,table1.dat:53
G023.43-00.18,2.33991,2.90310,-0.01872,0.170,0.032,Nor,table1.dat:54
G023.65-00.12,1.28196,5.37360,-0.00710,0.313,0.039,ScN,table1.dat:55
G023.70-00.19,2.49720,2.61297,-0.02147,0.161,0.024,Nor,table1.dat:56
G024.63-00.32,1.72237,4.54391,-0.02334,0.242,0.045,ScN,table1.dat:57
G024.78+00.08,2.79527,2.24766,0.00969,0.150,0.016,Nor,table1.dat:58
G024.85+00.08,2.38777,3.14427,0.00867,0.176,0.016,Nor,table1.dat:59
G025.70+00.04,4.42661,-0.89393,0.00780,0.098,0.029,ScF,table1.dat:60
G027.36-00.16,3.67725,1.19526,-0.02316,0.125,0.042,ScF,table1.dat:61
G028.14-00.00,2.98564,2.71935,-0.00049,0.158,0.023,ScF,table1.dat:62
G028.30-00.38,2.14547,4.31620,-0.03061,0.221,0.022,ScN,table1.dat:63
G028.39+00.08,2.05878,4.49189,0.00607,0.231,0.015,ScN,table1.dat:64
G028.83-00.25,2.41121,3.91987,-0.02205,0.200,0.040,ScN,table1.dat:65
G028.86+00.06,2.40149,3.94286,0.00570,0.201,0.019,ScF,table1.dat:66
G029.86-00.04,2.25302,4.37591,-0.00350,0.221,0.030,ScF,table1.dat:67
G029.95-00.01,2.41220,4.11442,-0.00136,0.207,0.019,ScF,table1.dat:68
G029.98+00.10,3.20336,2.74755,0.01216,0.156,0.010,ScF,table1.dat:69
G030.19-00.16,2.37259,4.22317,-0.01393,0.212,0.010,ScN,table1.dat:70
G030.22-00.18,1.77249,5.25755,-0.01106,0.284,0.032,ScN,table1.dat:71
G030.41-00.23,2.00127,4.89156,-0.01601,0.253,0.021,ScN,table1.dat:72
G030.70-00.06,3.33714,2.68021,-0.00779,0.153,0.020,ScF,table1.dat:73
G030.74-00.04,1.56884,5.66406,-0.00281,0.326,0.055,ScN,table1.dat:74
G030.78+00.20,3.65615,2.16385,0.02538,0.140,0.032,ScN,table1.dat:75
G030.81-00.05,1.59598,5.62461,-0.00309,0.321,0.037,ScF,table1.dat:76
G030.97-00.14,1.75042,5.38363,-0.00841,0.294,0.022,ScN,table1.dat:77
G031.24-00.11,6.82457,-2.94966,-0.02545,0.076,0.014,Per,table1.dat:78
G031.28+00.06,2.47254,4.23032,0.00512,0.210,0.029,ScN,table1.dat:79
G031.41+00.30,1.95197,5.10362,0.02006,0.267,0.029,ScN,table1.dat:80
G031.58+00.07,2.86176,3.64481,0.00747,0.183,0.032,ScF,table1.dat:81
G032.04+00.05,2.67970,4.01902,0.00520,0.198,0.015,ScN,table1.dat:82
G032.74-00.07,4.29275,1.62464,-0.01047,0.126,0.016,SgF,table1.dat:83
G032.79+00.19,5.25883,0.13892,0.03234,0.103,0.031,Per,table1.dat:84
G033.09-00.07,4.07455,2.04783,-0.00950,0.134,0.016,ScF,table1.dat:85
G033.39+00.00,4.87064,0.91139,0.00153,0.113,0.029,ScF,table1.dat:86
G033.64-00.22,4.22892,1.94492,-0.03034,0.131,0.020,SgF,table1.dat:87
G034.41+00.23,1.66213,5.87355,0.01206,0.340,0.011,SgN,table1.dat:88
G034.79-01.38,1.49717,6.14516,-0.06351,0.381,0.020,SgN,table1.dat:89
G035.02+00.34,1.33470,6.39561,0.01419,0.430,0.040,SgN,table1.dat:90
G035.19-00.74,1.26391,6.50810,-0.02845,0.456,0.045,SgN,table1.dat:91
G035.20-01.73,1.39847,6.31756,-0.07355,0.412,0.014,SgN,table1.dat:92
G035.79-00.17,5.17568,1.12182,-0.02698,0.113,0.013,SgF,table1.dat:93
G036.11+00.55,2.39586,5.01627,0.03919,0.246,0.056,AqS,table1.dat:94
G037.42+01.51,1.14205,6.80785,0.04977,0.532,0.021,SgN,table1.dat:95
G037.47-00.10,6.91443,-0.71790,-0.02078,0.088,0.030,SgF,table1.dat:96
G038.03-00.30,6.48599,0.00951,-0.05517,0.095,0.022,SgF,table1.dat:97
G038.11-00.22,2.55079,5.04907,-0.01651,0.242,0.035,AqS,table1.dat:98
G040.28-00.21,2.17691,5.73142,-0.01289,0.297,0.019,AqS,table1.dat:99
G040.42+00.70,8.31288,-1.45895,0.15666,0.078,0.013,Per,table1.dat:100
G040.62-00.13,8.13839,-1.18766,-0.03018,0.080,0.021,Per,table1.dat:101
G041.15-00.20,5.26486,2.27667,-0.02805,0.125,0.018,SgF,table1.dat:102
G041.22-00.19,5.83210,1.64415,-0.03046,0.113,0.022,SgF,table1.dat:103
G042.03+00.19,9.43061,-2.16111,0.04674,0.071,0.012,Per,table1.dat:104
G043.03-00.45,5.24971,2.67786,-0.06081,0.130,0.019,SgF,table1.dat:105
G043.16+00.01,7.60133,0.19589,0.00216,0.090,0.007,Per,table1.dat:106
G043.79-00.12,4.16918,3.95172,-0.01338,0.166,0.010,SgF,table1.dat:107
G043.89-00.78,5.17326,2.92239,-0.10216,0.134,0.013,SgF,table1.dat:108
G045.07+00.13,5.48824,2.82538,0.01791,0.129,0.007,SgF,table1.dat:109
G045.45+00.06,5.98906,2.40529,0.00879,0.119,0.017,SgF,table1.dat:110
G045.49+00.12,4.95250,3.43196,0.01522,0.144,0.024,SgF,table1.dat:111
G045.80-00.35,5.23319,3.21168,-0.04534,0.137,0.023,SgF,table1.dat:112
G048.60+00.02,8.06647,1.18999,0.00432,0.093,0.005,Per,table1.dat:113
G048.99-00.29,4.23924,4.61359,-0.02931,0.178,0.017,SgF,table1.dat:114
G049.04-01.07,4.60407,4.30380,-0.11480,0.164,0.022,SgN,table1.dat:115
G049.19-00.33,3.84198,4.98254,-0.02984,0.197,0.008,SgF,table1.dat:116
G049.26+00.31,6.70554,2.52522,0.04806,0.113,0.016,Per,table1.dat:117
G049.34+00.41,3.14803,5.59697,0.02988,0.241,0.031,SgF,table1.dat:118
G049.41+00.32,5.75331,3.37154,0.04307,0.132,0.031,Per,table1.dat:119
G049.48-00.36,3.89882,4.96885,-0.03302,0.195,0.071,SgN,table1.dat:120
G049.48-00.38,4.10950,4.78872,-0.03661,0.185,0.010,SgN,table1.dat:121
G049.59-00.24,3.49323,5.32696,-0.01998,0.218,0.009,SgF,table1.dat:122
G052.10+01.04,4.78157,4.57772,0.11029,0.165,0.013,SgF,table1.dat:123
G054.10-00.08,3.50711,5.76220,-0.00614,0.231,0.031,LoS,table1.dat:124
G058.77+00.64,2.85981,6.56632,0.03760,0.299,0.040,LoS,table1.dat:125
G059.47-00.18,1.61015,7.35071,-0.00606,0.535,0.024,LoS,table1.dat:126
G059.78+00.06,1.86636,7.21300,0.00244,0.463,0.020,LoS,table1.dat:127
G059.83+00.67,3.57233,6.22360,0.04847,0.242,0.014,LoS,table1.dat:128
G060.57-00.18,7.19834,4.23989,-0.02692,0.121,0.015,Per,table1.dat:129
G069.54-00.97,2.30734,7.43916,-0.04194,0.406,0.013,Loc,table1.dat:130
G070.18+01.74,6.02779,6.12762,0.19467,0.156,0.016,Per,table1.dat:131
G071.31+00.82,4.44686,6.79592,0.06792,0.213,0.028,Loc,table1.dat:132
G071.52-00.38,3.42391,7.15584,-0.02427,0.277,0.026,Loc,table1.dat:133
G073.65+00.19,12.79424,4.54724,0.04520,0.075,0.020,Out,table1.dat:134
G074.03-01.71,1.52782,7.86289,-0.04755,0.629,0.017,Loc,table1.dat:135
G074.56+00.84,2.62629,7.57510,0.04022,0.367,0.083,Loc,table1.dat:136
G075.29+01.32,8.95365,5.95049,0.21392,0.108,0.010,Out,table1.dat:137
G075.76+00.33,3.40092,7.43697,0.02081,0.285,0.022,Loc,table1.dat:138
G075.78+00.34,3.71399,7.35898,0.02292,0.261,0.030,Loc,table1.dat:139
G076.38-00.61,1.26211,7.99422,-0.01400,0.770,0.053,Loc,table1.dat:140
G078.12+03.63,1.51414,7.98154,0.09823,0.645,0.030,Loc,table1.dat:141
G078.88+00.70,3.27058,7.65755,0.04124,0.300,0.024,Loc,table1.dat:142
G079.73+00.99,1.33494,8.05826,0.02345,0.737,0.062,Loc,table1.dat:143
G079.87+01.17,1.58746,8.01657,0.03313,0.620,0.027,Loc,table1.dat:144
G080.79-01.92,1.59125,8.04223,-0.05407,0.620,0.047,Loc,table1.dat:145
G080.86+00.38,1.43710,8.06882,0.00974,0.687,0.038,Loc,table1.dat:146
G081.75+00.59,1.48589,8.08462,0.01548,0.666,0.035,Loc,table1.dat:147
G081.87+00.78,1.28220,8.11686,0.01765,0.772,0.042,Loc,table1.dat:148
G090.21+02.32,0.67375,8.30247,0.02735,1.483,0.038,Loc,table1.dat:149
G090.92+01.48,5.84523,8.39402,0.15172,0.171,0.031,Out,table1.dat:150
G092.67+03.07,1.62721,8.37591,0.08740,0.613,0.020,Loc,table1.dat:151
G094.60-01.79,4.50808,8.66291,-0.14182,0.221,0.013,Per,table1.dat:152
G095.29-00.93,4.83300,8.74804,-0.07938,0.206,0.015,Per,table1.dat:153
G097.53+03.18,7.44244,9.28386,0.41758,0.133,0.017,Out,table1.dat:154
G098.03+01.44,2.70455,8.68183,0.06895,0.366,0.161,Per,table1.dat:155
G100.37-03.57,3.39697,8.92211,-0.21597,0.289,0.016,Per,table1.dat:156
G105.41+09.87,0.84122,8.53195,0.15195,1.129,0.063,Loc,table1.dat:157
G107.29+05.63,0.73769,8.52974,0.07630,1.288,0.107,Loc,table1.dat:158
G108.18+05.51,0.86598,8.58446,0.08807,1.092,0.018,Loc,table1.dat:159
G108.20+00.58,4.18450,9.67641,0.04525,0.227,0.037,Per,table1.dat:160
G108.42+00.89,2.37155,9.09008,0.03900,0.400,0.050,Per,table1.dat:161
G108.47-02.81,3.06581,9.32410,-0.15912,0.309,0.010,Per,table1.dat:162
G108.59+00.49,2.34016,9.08731,0.02119,0.405,0.033,Per,table1.dat:163
G109.87+02.11,0.76533,8.57661,0.03004,1.228,0.024,Loc,table1.dat:164
G110.19+02.47,2.98612,9.39845,0.13759,0.314,0.070,Per,table1.dat:165
G111.23-01.23,3.10628,9.50703,-0.07203,0.300,0.081,Per,table1.dat:166
G111.25-00.76,3.32817,9.59463,-0.04798,0.280,0.015,Per,table1.dat:167
G111.54+00.77,2.46048,9.27130,0.03587,0.378,0.017,Per,table1.dat:168
G115.05-00.04,2.54460,9.48971,-0.00234,0.356,0.040,Per,table1.dat:169
G121.29+00.65,0.79334,8.78231,0.01067,1.077,0.039,Loc,table1.dat:170
G122.01-07.08,1.82920,9.44373,-0.26796,0.460,0.020,Per,table1.dat:171
G123.06-06.30,2.34637,9.82765,-0.30948,0.355,0.030,Per,table1.dat:172
G123.06-06.30,1.97855,9.58811,-0.26104,0.421,0.022,Per,table1.dat:173
G133.94+01.06,1.40597,9.65523,0.03628,0.512,0.010,Per,table1.dat:174
G134.62-02.19,1.72216,9.99950,-0.09274,0.413,0.017,Per,table1.dat:175
G135.27+02.79,4.20860,12.54955,0.29227,0.167,0.011,Out,table1.dat:176
G136.84+01.16,1.45496,9.85182,0.04335,0.470,0.115,Per,table1.dat:177
G160.14+03.15,1.38979,12.14891,0.22568,0.244,0.006,Out,table1.dat:178
G168.06+00.82,1.10600,13.53141,0.07670,0.187,0.022,Out,table1.dat:179
G170.65-00.24,0.30506,10.15476,-0.00811,0.532,0.075,Per,table1.dat:180
G173.48+02.44,0.19094,9.97109,0.07185,0.594,0.014,Per,table1.dat:181
G174.20-00.07,0.21637,10.43037,-0.00264,0.467,0.020,Per,table1.dat:182
G176.51+00.20,0.05855,9.26160,0.00338,1.038,0.021,Loc,table1.dat:183
G182.67-03.26,-0.29712,14.65214,-0.36281,0.157,0.042,Out,table1.dat:184
G183.72-03.66,-0.10294,9.88323,-0.10161,0.629,0.012,Per,table1.dat:185
G188.79+01.03,-0.30817,10.29211,0.03627,0.496,0.103,Per,table1.dat:186
G188.94+00.88,-0.32665,10.37504,0.03248,0.476,0.006,Per,table1.dat:187
G192.16-03.81,-0.31847,9.77787,-0.10085,0.660,0.040,Per,table1.dat:188
G192.60-00.04,-0.36297,9.92382,-0.00139,0.601,0.039,Per,table1.dat:189
G196.45-01.67,-1.17000,12.26129,-0.12080,0.242,0.011,Out,table1.dat:190
G209.00-19.38,-0.18894,8.64076,-0.13710,2.421,0.019,Loc,table1.dat:191
G211.59+01.05,-2.19159,11.86338,0.07710,0.239,0.010,Out,table1.dat:192
G213.70-12.59,-0.47174,9.00721,-0.18997,1.148,0.030,Loc,table1.dat:193
G217.79+01.05,-3.75931,13.14693,0.11266,0.163,0.016,Out,table1.dat:194
G229.57+00.15,-3.49178,11.27478,0.01210,0.218,0.012,Per,table1.dat:195
G232.62+00.99,-1.33307,9.31846,0.02916,0.596,0.035,Loc,table1.dat:196
G236.81+01.98,-2.56569,9.97793,0.10617,0.326,0.026,Per,table1.dat:197
G239.35-05.06,-1.00229,8.89388,-0.10327,0.855,0.057,Loc,table1.dat:198
G240.31+00.07,-4.64580,10.94825,0.00665,0.187,0.014,Per,table1.dat:199
